job_title,company_name,time_posted,num_applicants,job_location,senority_level
"Product Manager, YouTube Premium",Google,1 week ago,,"San Bruno, CA",Not Applicable
"Product Manager, Games Personalization",Netflix,1 week ago,,"Los Gatos, CA",Not Applicable
"Product Manager, Search",LinkedIn,2 weeks ago,,"Mountain View, CA",Not Applicable
"Product Manager, WhatsApp",WhatsApp,2 weeks ago,,"San Francisco, CA",Not Applicable
Product Manager - TikTok Social,TikTok,2 weeks ago,,"Los Angeles, CA",Not Applicable
"Product Manager I, Search",Google,3 days ago,,"Mountain View, CA",Not Applicable
"Product Manager, WhatsApp",WhatsApp,2 weeks ago,,"Menlo Park, CA",Not Applicable
Product Manager,Meta,2 weeks ago,,"Los Angeles, CA",Not Applicable
Product Manager â€“ Notifications,LinkedIn,2 weeks ago,,"Mountain View, CA",Not Applicable
Senior Product Manager,Attentive,2 weeks ago,,"San Francisco, CA",Mid-Senior level
